{
  "downloaded": 4187880048.7460127,
  "seeded": 16094.07458051948
}